lp,adres,lokalizacja,usluga,intencja,glowna_fraza,wyroznik_tresci,strona_uslugowa,status_akceptacji,status_tresci,uwagi
1,/sprzedaz-mieszkania-bialystok,Białystok,Sprzedaż,transakcyjna – właściciel mieszkania,sprzedaż mieszkania Białystok,"Specyfika mieszkań: dokumenty spółdzielcze/KW, wspólnota, przygotowanie do zdjęć, prezentacje w zamieszkanym lokalu",/sprzedaz-nieruchomosci,propozycja – do akceptacji klienta,"treść napisana — szkic w CMS, do akceptacji","hipoteza bez danych o wolumenie; Ryzyko kanibalizacji z /sprzedaz-nieruchomosci – strona usługowa celuje w 'sprzedaż nieruchomości', ta w mieszkania"
2,/sprzedaz-domu-bialystok,Białystok,Sprzedaż,transakcyjna – właściciel domu,sprzedaż domu Białystok,"Dom: działka, media, stan techniczny, sezonowość prezentacji ogrodu, dłuższy proces",/sprzedaz-nieruchomosci,propozycja – do akceptacji klienta,"treść napisana — szkic w CMS, do akceptacji",hipoteza bez danych o wolumenie
3,/sprzedaz-dzialki-bialystok,Białystok,Sprzedaż,transakcyjna – właściciel działki,sprzedaż działki Białystok,"Działka: przeznaczenie w planie/WZ, dostęp do drogi, media – jakie dokumenty przygotować",/sprzedaz-nieruchomosci,propozycja – do akceptacji klienta,do napisania (szkic w CMS),"hipoteza bez danych o wolumenie; Potwierdzić, czy firma obsługuje działki"
4,/home-staging-bialystok,Białystok,Zwiększanie wartości / sprzedaż,usługowa,home staging Białystok,"Home staging jako część strategii sprzedaży: kiedy wystarczy aranżacja, kiedy nie; zdjęcia i prezentacje",/zwiekszamy-wartosc,propozycja – do akceptacji klienta,"treść napisana — szkic w CMS, do akceptacji",hipoteza bez danych o wolumenie; W SERP katalogi i projektanci wnętrz
5,/remont-przed-sprzedaza-bialystok,Białystok,Zwiększanie wartości / sprzedaż,informacyjno-usługowa,remont mieszkania przed sprzedażą,Model decyzji: cel → diagnoza → warianty → koszt → potencjalny efekt; kiedy remont się nie opłaca,/zwiekszamy-wartosc,propozycja – do akceptacji klienta,"treść napisana — szkic w CMS, do akceptacji",hipoteza bez danych o wolumenie; Bez obietnic wzrostu ceny
6,/sprzedaz-mieszkania-do-remontu-bialystok,Białystok,Sprzedaż,transakcyjna – lokal w złym stanie,sprzedaż mieszkania do remontu Białystok,Scenariusze: sprzedaż w obecnym stanie z pokazaniem potencjału (wizualizacja/projekt) vs. odświeżenie,/sprzedaz-nieruchomosci,propozycja – do akceptacji klienta,"treść napisana — szkic w CMS, do akceptacji",hipoteza bez danych o wolumenie
7,/sprzedaz-mieszkania-po-spadku-bialystok,Białystok,Sprzedaż,transakcyjna – spadkobiercy,sprzedaż mieszkania po spadku Białystok,Kolejność kroków i koordynacja współwłaścicieli; opróżnienie i przygotowanie lokalu; odesłanie kwestii prawnych/podatkowych do specjalistów,/sprzedaz-nieruchomosci,propozycja – do akceptacji klienta,"treść napisana — szkic w CMS, do akceptacji",hipoteza bez danych o wolumenie; Treść prawna do weryfikacji; bez porad podatkowych
8,/zamiana-mieszkania-bialystok,Białystok,Sprzedaż + kupno,transakcyjna – zmiana mieszkania,zamiana mieszkania na większe Białystok,"Zsynchronizowanie sprzedaży i zakupu: terminy, finansowanie, ryzyka; łączenie dwóch usług",/kupno-nieruchomosci,propozycja – do akceptacji klienta,"treść napisana — szkic w CMS, do akceptacji",hipoteza bez danych o wolumenie; Linkuje też do /sprzedaz-nieruchomosci
9,/kupno-domu-bialystok,Białystok,Kupno,transakcyjna – kupujący dom,kupno domu Białystok,"Reprezentowanie kupującego domu: kryteria, weryfikacja stanu i dokumentów, negocjacje",/kupno-nieruchomosci,propozycja – do akceptacji klienta,"treść napisana — szkic w CMS, do akceptacji",hipoteza bez danych o wolumenie; Strona usługowa celuje ogólnie (mieszkania)
10,/mieszkanie-z-rynku-wtornego-pod-klucz-bialystok,Białystok,Mieszkanie pod klucz,transakcyjna,mieszkanie z rynku wtórnego z remontem Białystok,"Rynek wtórny: ocena potencjału przed zakupem, negocjacje z uwzględnieniem kosztów remontu, projekt i wykonanie",/mieszkanie-pod-klucz,propozycja – do akceptacji klienta,"treść napisana — szkic w CMS, do akceptacji",hipoteza bez danych o wolumenie; Wariant – nie celuje w 'mieszkanie pod klucz Białystok'
11,/wykonczenie-mieszkania-od-dewelopera-bialystok,Białystok,Mieszkanie pod klucz,usługowa,wykończenie mieszkania od dewelopera Białystok,"Rynek pierwotny: odbiór, projekt, materiały, nadzór, wyposażenie w uzgodnionym zakresie",/mieszkanie-pod-klucz,propozycja – do akceptacji klienta,"treść napisana — szkic w CMS, do akceptacji",hipoteza bez danych o wolumenie; Potwierdzić zakres (samodzielnie vs. podwykonawcy)
12,/mieszkanie-inwestycyjne-bialystok,Białystok,Inwestycje,transakcyjna – inwestor,mieszkanie pod wynajem Białystok,"Kryteria wyboru lokalu pod wynajem, przygotowanie do najmu; bez obietnic rentowności",/inwestycje,propozycja – do akceptacji klienta,"treść napisana — szkic w CMS, do akceptacji",hipoteza bez danych o wolumenie
13,/sprzedaz-domu-wasilkow,Wasilków,Sprzedaż,transakcyjna – właściciel domu,sprzedaż domu Wasilków,"Dom pod Białymstokiem: do kogo kierować ofertę (osoby z miasta szukające domu), prezentacja dojazdu i otoczenia – bez niepotwierdzonych danych",/sprzedaz-nieruchomosci,propozycja – do akceptacji klienta,"treść napisana — szkic w CMS, do akceptacji",hipoteza bez danych o wolumenie; Brak lokalnych źródeł – bez faktów rynkowych
14,/kupno-domu-wasilkow,Wasilków,Kupno,transakcyjna – kupujący dom,dom Wasilków kupno,"Kupujący przenoszący się z miasta: co sprawdzić (dojazd, media, plan miejscowy) i jak wygląda wsparcie",/kupno-nieruchomosci,propozycja – do akceptacji klienta,do napisania (szkic w CMS),hipoteza bez danych o wolumenie
15,/sprzedaz-domu-choroszcz,Choroszcz,Sprzedaż,transakcyjna,sprzedaż domu Choroszcz,"Przygotowanie domu do sprzedaży: porządek na działce, drobne naprawy, dokumentacja techniczna",/sprzedaz-nieruchomosci,propozycja – do akceptacji klienta,do napisania (szkic w CMS),hipoteza bez danych o wolumenie; Odróżnić od Wasilkowa innym akcentem
16,/kupno-mieszkania-choroszcz,Choroszcz,Kupno,transakcyjna,mieszkanie Choroszcz kupno,"Mieszkanie poza miastem: porównanie z ofertami w Białymstoku, weryfikacja, negocjacje",/kupno-nieruchomosci,propozycja – do akceptacji klienta,do napisania (szkic w CMS),hipoteza bez danych o wolumenie; Zweryfikować realny popyt
17,/sprzedaz-domu-suprasl,Supraśl,Sprzedaż,transakcyjna,sprzedaż domu Supraśl,Dom o charakterze rekreacyjnym lub całorocznym – jak to jasno opisać w ofercie; zdjęcia i sezon,/sprzedaz-nieruchomosci,propozycja – do akceptacji klienta,do napisania (szkic w CMS),hipoteza bez danych o wolumenie; Nie opisywać walorów bez źródeł
18,/kupno-mieszkania-zabludow,Zabłudów,Kupno,transakcyjna,mieszkanie Zabłudów,"Kupno mieszkania w mniejszej miejscowości: selekcja ofert, stan techniczny budynku, negocjacje",/kupno-nieruchomosci,propozycja – do akceptacji klienta,do napisania (szkic w CMS),hipoteza bez danych o wolumenie
19,/sprzedaz-mieszkania-lapy,Łapy,Sprzedaż,transakcyjna,sprzedaż mieszkania Łapy,"Sprzedaż mieszkania w starszym bloku: co poprawić tanio, jak pokazać lokal na zdjęciach",/sprzedaz-nieruchomosci,propozycja – do akceptacji klienta,do napisania (szkic w CMS),hipoteza bez danych o wolumenie
20,/sprzedaz-domu-juchnowiec-koscielny,gm. Juchnowiec Kościelny,Sprzedaż,transakcyjna,sprzedaż domu gmina Juchnowiec Kościelny,Dom w nowszej zabudowie podmiejskiej: stan deweloperski vs. wykończony – przygotowanie oferty,/sprzedaz-nieruchomosci,propozycja – do akceptacji klienta,do napisania (szkic w CMS),hipoteza bez danych o wolumenie; Sprawdzić formę frazy (nazwy wsi)
21,/sprzedaz-domu-dobrzyniewo-duze,gm. Dobrzyniewo Duże,Sprzedaż,transakcyjna,sprzedaż domu Dobrzyniewo Duże,Dom wymagający odświeżenia: warianty prac vs. sprzedaż w obecnym stanie,/sprzedaz-nieruchomosci,propozycja – do akceptacji klienta,do napisania (szkic w CMS),hipoteza bez danych o wolumenie
22,/sprzedaz-mieszkania-czarna-bialostocka,Czarna Białostocka,Sprzedaż,transakcyjna,sprzedaż mieszkania Czarna Białostocka,"Dotarcie do kupujących z Białegostoku, promocja i prezentacje, negocjacje",/sprzedaz-nieruchomosci,propozycja – do akceptacji klienta,do napisania (szkic w CMS),hipoteza bez danych o wolumenie
23,/sprzedaz-mieszkania-suwalki,Suwałki,Sprzedaż,transakcyjna,sprzedaż mieszkania Suwałki,Sprzedaż prowadzona z Białegostoku: organizacja prezentacji i kontakt – opisać dopiero po potwierdzeniu modelu obsługi,/sprzedaz-nieruchomosci,propozycja – do akceptacji klienta,do napisania (szkic w CMS),hipoteza bez danych o wolumenie; Potwierdzić obsługę Suwałk
24,/kupno-mieszkania-suwalki,Suwałki,Kupno,transakcyjna,pośrednik kupno mieszkania Suwałki,"Kupujący spoza miasta: selekcja ofert na odległość, wstępne oględziny, weryfikacja",/kupno-nieruchomosci,propozycja – do akceptacji klienta,do napisania (szkic w CMS),hipoteza bez danych o wolumenie; Potwierdzić obsługę Suwałk
25,/mieszkanie-pod-klucz-suwalki,Suwałki,Mieszkanie pod klucz,transakcyjna,mieszkanie pod klucz Suwałki,Koordynacja projektu i wykończenia poza Białymstokiem – tylko jeśli firma realnie to realizuje,/mieszkanie-pod-klucz,propozycja – do akceptacji klienta,do napisania (szkic w CMS),hipoteza bez danych o wolumenie; Wysokie ryzyko – do potwierdzenia
26,/sprzedaz-mieszkania-lomza,Łomża,Sprzedaż,transakcyjna,sprzedaż mieszkania Łomża,Strategia ceny ofertowej i przygotowanie; zasięg promocji poza miastem,/sprzedaz-nieruchomosci,propozycja – do akceptacji klienta,do napisania (szkic w CMS),hipoteza bez danych o wolumenie; Potwierdzić obsługę Łomży
27,/kupno-mieszkania-lomza,Łomża,Kupno,transakcyjna,kupno mieszkania Łomża,"Reprezentowanie kupującego: potrzeby i budżet, selekcja, negocjacje",/kupno-nieruchomosci,propozycja – do akceptacji klienta,do napisania (szkic w CMS),hipoteza bez danych o wolumenie; Potwierdzić obsługę Łomży
28,/mieszkanie-pod-klucz-lomza,Łomża,Mieszkanie pod klucz,transakcyjna,mieszkanie pod klucz Łomża,Rynek wtórny vs. pierwotny w mniejszym mieście – proces i zakres,/mieszkanie-pod-klucz,propozycja – do akceptacji klienta,do napisania (szkic w CMS),hipoteza bez danych o wolumenie; Wysokie ryzyko – do potwierdzenia
29,/sprzedaz-mieszkania-augustow,Augustów,Sprzedaż,transakcyjna,sprzedaż mieszkania Augustów,Lokal kupowany na własne potrzeby lub pod wynajem – dwa profile kupujących w opisie oferty,/sprzedaz-nieruchomosci,propozycja – do akceptacji klienta,do napisania (szkic w CMS),hipoteza bez danych o wolumenie; Potwierdzić obsługę
30,/sprzedaz-domu-augustow,Augustów,Sprzedaż,transakcyjna,sprzedaż domu Augustów,"Dom: sezon prezentacji, zdjęcia otoczenia, dokumenty działki",/sprzedaz-nieruchomosci,propozycja – do akceptacji klienta,do napisania (szkic w CMS),hipoteza bez danych o wolumenie; Potwierdzić obsługę
31,/sprzedaz-mieszkania-bielsk-podlaski,Bielsk Podlaski,Sprzedaż,transakcyjna,sprzedaż mieszkania Bielsk Podlaski,Właściciel mieszkający poza miastem: co można załatwić na odległość,/sprzedaz-nieruchomosci,propozycja – do akceptacji klienta,do napisania (szkic w CMS),hipoteza bez danych o wolumenie; Potwierdzić obsługę
32,/sprzedaz-domu-hajnowka,Hajnówka,Sprzedaż,transakcyjna,sprzedaż domu Hajnówka,Dom wymagający modernizacji: rzetelny opis stanu i warianty,/sprzedaz-nieruchomosci,propozycja – do akceptacji klienta,do napisania (szkic w CMS),hipoteza bez danych o wolumenie; Potwierdzić obsługę
33,/sprzedaz-mieszkania-sokolka,Sokółka,Sprzedaż,transakcyjna,sprzedaż mieszkania Sokółka,"Mieszkanie w starszym budynku: przygotowanie, zdjęcia, opis",/sprzedaz-nieruchomosci,propozycja – do akceptacji klienta,do napisania (szkic w CMS),hipoteza bez danych o wolumenie; Potwierdzić obsługę
34,/sprzedaz-mieszkania-zambrow,Zambrów,Sprzedaż,transakcyjna,sprzedaż mieszkania Zambrów,Przeprowadzka do Białegostoku: sprzedaż połączona z zakupem,/sprzedaz-nieruchomosci,propozycja – do akceptacji klienta,do napisania (szkic w CMS),hipoteza bez danych o wolumenie; Potwierdzić obsługę
35,/sprzedaz-mieszkania-grajewo,Grajewo,Sprzedaż,transakcyjna,sprzedaż mieszkania Grajewo,Mieszkanie do odświeżenia: decyzja o zakresie prac przed sprzedażą,/zwiekszamy-wartosc,propozycja – do akceptacji klienta,do napisania (szkic w CMS),hipoteza bez danych o wolumenie; Potwierdzić obsługę
36,/sprzedaz-mieszkania-siemiatycze,Siemiatycze,Sprzedaż,transakcyjna,sprzedaż mieszkania Siemiatycze,"Ustalanie ceny ofertowej przy niewielkiej liczbie porównywalnych ofert – metoda, bez danych rynkowych",/sprzedaz-nieruchomosci,propozycja – do akceptacji klienta,do napisania (szkic w CMS),hipoteza bez danych o wolumenie; Hipoteza o rynku do weryfikacji
37,/sprzedaz-domu-monki,Mońki,Sprzedaż,transakcyjna,sprzedaż domu Mońki,"Dom z działką: dokumenty, stan techniczny, prezentacje",/sprzedaz-nieruchomosci,propozycja – do akceptacji klienta,do napisania (szkic w CMS),hipoteza bez danych o wolumenie; Potwierdzić obsługę
38,/sprzedaz-mieszkania-wysokie-mazowieckie,Wysokie Mazowieckie,Sprzedaż,transakcyjna,sprzedaż mieszkania Wysokie Mazowieckie,Pierwsza sprzedaż: przebieg krok po kroku i potrzebne dokumenty,/sprzedaz-nieruchomosci,propozycja – do akceptacji klienta,do napisania (szkic w CMS),hipoteza bez danych o wolumenie; Potwierdzić obsługę
39,/sprzedaz-mieszkania-kolno,Kolno,Sprzedaż,transakcyjna,sprzedaż mieszkania Kolno,"Przygotowanie oferty do prezentacji online: zdjęcia, opis, rzut",/sprzedaz-nieruchomosci,propozycja – do akceptacji klienta,do napisania (szkic w CMS),hipoteza bez danych o wolumenie; Potwierdzić obsługę; najniższy priorytet
40,/sprzedaz-nieruchomosci-podlaskie,woj. podlaskie,Sprzedaż,transakcyjna – region,sprzedaż nieruchomości podlaskie,Jak wygląda obsługa poza Białymstokiem; linki do opublikowanych stron lokalnych,/sprzedaz-nieruchomosci,propozycja – do akceptacji klienta,do napisania (szkic w CMS),hipoteza bez danych o wolumenie; Nie dublować /obszar-dzialania – ta strona ma treść usługową
